timestamp,cycle_number,bpm,servo_angle,valve_state,piezo_raw,piezo_rms,piezo_peak,piezo_energy,audio_rms,dominant_frequency,spectral_centroid,cycle_duration_ms,opening_duration_ms,closing_duration_ms,baseline_similarity,anomaly_score,regularity,mode,source
1788256800994,1,72.2,86.5,closed,0.9542,0.1107,0.9542,0.01018,0.0286,1049.4,1003.6,831,42,34,99.5,0,100,normal,simulation
1788256801835,2,71.8,86.8,closed,0.9513,0.1097,0.9513,0.01013,0.0288,1049.4,1002.7,841,42,34,99.4,0,100,normal,simulation
1788256802684,3,71.4,84.9,closed,0.9651,0.1094,0.9651,0.01016,0.0287,1049.7,1015.4,849,43,36,99.1,0,97.4,normal,simulation
1788256803519,4,71.5,85.7,closed,0.9691,0.112,0.9691,0.01047,0.029,1049.1,1005.9,835,42,32,96.6,0.026,97.9,normal,simulation
1788256804357,5,71.5,85.8,closed,1.0105,0.1162,1.0105,0.01131,0.0299,1049.7,1008.3,838,41,36,96.9,0.015,98.3,normal,simulation
1788256805185,6,71.6,86.7,closed,0.899,0.1055,0.899,0.00922,0.0279,1049.2,1008.9,828,44,32,97,0.013,98,normal,simulation
1788256806018,7,71.7,85.8,closed,0.9021,0.1078,0.9021,0.00968,0.028,1049,1003.7,833,46,34,97.9,0.008,98.2,normal,simulation
1788256806861,8,71.8,87.2,closed,0.9193,0.1077,0.9193,0.00977,0.0282,1049.7,1015.8,843,40,35,98.1,0.005,98.2,normal,simulation
1788256807698,9,71.8,86.2,closed,0.9003,0.1107,0.9003,0.01026,0.0289,1049.5,1025.8,837,39,40,91.7,0.082,98.4,normal,simulation
1788256808529,10,71.9,85.4,closed,0.9375,0.1086,0.9375,0.00979,0.0284,1049.4,1007.9,831,41,34,94.6,0.049,98.4,normal,simulation
1788256809347,11,72.1,85.4,closed,0.9493,0.1106,0.9493,0.01001,0.0288,1049.2,1002.2,818,42,35,96.4,0.029,97.7,normal,simulation
1788256810184,12,72,85.2,closed,-0.8786,0.1075,0.8786,0.00968,0.0283,1049.5,1009.5,837,44,35,97.5,0.018,97.8,normal,simulation
1788256811021,13,72.1,84.9,closed,0.8937,0.1062,0.8937,0.00944,0.0278,1049.2,1007.5,837,43,34,98.2,0.011,97.8,normal,simulation
1788256811846,14,72.3,85.7,closed,0.8975,0.1035,0.8975,0.00884,0.0275,1049.7,1008.5,825,39,34,98.2,0.006,97.7,normal,simulation
1788256812669,15,72.5,85.9,closed,0.9629,0.1134,0.9629,0.01058,0.0292,1049.2,996.5,823,44,34,98.5,0.004,98,normal,simulation
1788256813497,16,72.3,85.5,closed,0.8964,0.1087,0.8964,0.00978,0.0283,1049.5,1001.9,828,43,35,98.8,0.002,98,normal,simulation
1788256814319,17,72.6,85.5,closed,0.9592,0.1118,0.9592,0.01027,0.0291,1049.4,999.7,822,46,38,97.8,0.006,98,normal,simulation
1788256815146,18,72.7,85.7,closed,0.9457,0.1106,0.9457,0.01012,0.0287,1049.4,999.4,827,42,34,98.5,0.004,97.9,normal,simulation
1788256815977,19,72.6,84.8,closed,0.9139,0.1052,0.9139,0.0092,0.0275,1049.4,1003,831,46,36,98.7,0.002,98,normal,simulation
1788256816812,20,72.4,85.5,closed,0.9414,0.1097,0.9414,0.01006,0.0287,1049,1006.3,835,46,34,98.9,0.001,98.4,normal,simulation
1788256817654,21,72.2,85.8,closed,0.9809,0.1132,0.9809,0.01078,0.0293,1049.6,1013.3,842,41,35,98.7,0.001,98.1,normal,simulation
1788256818481,22,72.1,85.4,closed,0.8596,0.1045,0.8596,0.00903,0.0275,1049.5,1005.7,827,45,35,98.8,0,98.1,normal,simulation
1788256819324,23,71.8,85.5,closed,0.9968,0.1183,0.9968,0.01179,0.0305,1049.5,1005.6,843,45,36,98.4,0,98.1,normal,simulation
1788256820156,24,71.8,85.4,closed,0.9857,0.1137,0.9857,0.01075,0.0294,1049.5,1001.7,832,44,35,98.6,0,98.2,normal,simulation
1788256820987,25,71.9,85.5,closed,0.9079,0.1089,0.9079,0.00986,0.0286,1049.7,1003.5,831,44,33,98.6,0,98.3,normal,simulation
1788256821813,26,72.1,85.4,closed,0.9674,0.1123,0.9674,0.01043,0.0295,1049.6,995.9,826,41,36,98.3,0,98.3,normal,simulation
1788256822654,27,71.9,85.9,closed,0.941,0.1065,0.941,0.00955,0.0279,1048.9,1010.5,841,43,34,98.5,0,98.2,normal,simulation
1788256823476,28,72.3,85.9,closed,0.8996,0.1045,0.8996,0.00897,0.027,1049.7,1013.4,822,43,35,98.7,0,98,normal,simulation
1788256824305,29,72.3,86.6,closed,0.8943,0.1063,0.8943,0.00937,0.0277,1049.3,1008.6,829,43,32,96.2,0.029,98.2,normal,simulation
1788256825135,30,72.3,85.9,closed,0.843,0.1047,0.843,0.00909,0.0273,1049.4,1005.8,830,43,34,97.3,0.017,98.3,normal,simulation
1788256825974,31,72.1,85.5,closed,0.8759,0.1031,0.8759,0.00893,0.0272,1049.8,1020.3,839,43,38,96.2,0.026,98.2,normal,simulation
1788256826811,32,72.2,85.4,closed,1.0012,0.1141,1.0012,0.0109,0.0298,1049.9,1008.4,837,43,37,96.8,0.016,98.2,normal,simulation
1788256827652,33,71.8,85.3,closed,0.8756,0.1032,0.8756,0.00895,0.0269,1049.9,1004.7,841,44,33,97.4,0.009,98.2,normal,simulation
1788256828480,34,71.9,84.9,closed,0.9176,0.1079,0.9176,0.00964,0.0283,1049.3,1003.3,828,41,34,98.2,0.006,98.3,normal,simulation
1788256829309,35,71.9,85.7,closed,0.9437,0.1131,0.9437,0.01061,0.0294,1049.4,1003.5,829,40,35,98.3,0.003,98.5,normal,simulation
1788256830139,36,72,85.5,closed,0.8984,0.1032,0.8984,0.00884,0.0272,1049.9,1013.4,830,39,35,98.3,0.002,98.5,normal,simulation
1788256830969,37,72.2,85.9,closed,0.8854,0.106,0.8854,0.00933,0.0277,1049.5,999.7,830,41,34,98.7,0.001,98.5,normal,simulation
1788256831795,38,72.4,85.9,closed,0.9128,0.1093,0.9128,0.00988,0.0284,1048.9,1007.3,826,46,32,96.1,0.03,98.5,normal,simulation
1788256832635,39,72.2,85.7,closed,0.8491,0.1019,0.8491,0.00873,0.0269,1049.7,1018.6,840,42,34,97.2,0.018,98.5,normal,simulation
1788256833471,40,72.1,85.9,closed,0.8671,0.1035,0.8671,0.00895,0.0272,1049.4,1012.9,836,44,36,97.8,0.011,98.8,normal,simulation
1788256834302,41,72.1,85.9,closed,0.8808,0.1034,0.8808,0.00889,0.0272,1049.9,1015.6,831,43,33,96.8,0.021,98.8,limited_opening,simulation
1788256835127,42,72.2,46.9,closed,0.6477,0.0732,0.6477,0.00441,0.0651,1878.6,1829.1,825,30,28,70.9,0.367,98.7,limited_opening,simulation
1788256835955,43,72.1,46,closed,0.6141,0.0719,0.6141,0.00428,0.0635,1846.7,1844.3,828,28,28,55.1,0.576,98.8,limited_opening,simulation
1788256836797,44,72.1,46.9,closed,-0.5868,0.0666,0.5868,0.00374,0.0599,1722.6,1841.6,842,33,29,45.8,0.701,98.5,limited_opening,simulation
1788256837626,45,72.2,47.9,closed,0.6238,0.0711,0.6238,0.00419,0.0646,1764.4,1799.6,829,30,31,41.2,0.764,98.8,limited_opening,simulation
1788256838463,46,72.1,46.7,closed,-0.6156,0.0694,0.6156,0.00404,0.0619,1752.2,1849.1,837,31,30,37.6,0.813,98.7,limited_opening,simulation
1788256839305,47,71.8,46.1,closed,-0.6016,0.0657,0.6016,0.00364,0.0614,1795,1867.8,842,30,29,35.2,0.843,98.5,limited_opening,simulation
1788256840153,48,71.5,48.7,closed,0.5967,0.0683,0.5967,0.00395,0.0697,1814.5,1830.5,848,32,28,33.6,0.863,98,limited_opening,simulation
1788256840999,49,71.4,47.5,closed,-0.6036,0.0668,0.6036,0.00378,0.0636,1801.2,1845.2,846,29,28,32.5,0.876,97.8,limited_opening,simulation
1788256841823,50,71.5,47.8,closed,-0.6651,0.0749,0.6651,0.00463,0.0654,1902.7,1840,824,28,31,33.6,0.865,97.7,limited_opening,simulation
1788256842662,51,71.4,45.1,closed,-0.5547,0.0633,0.5547,0.00336,0.0593,1860.6,1858.4,839,30,29,32.3,0.879,97.7,limited_opening,simulation
1788256843493,52,71.6,44.9,closed,-0.6153,0.0706,0.6153,0.00414,0.0616,1751.5,1811.3,831,30,30,32.2,0.882,97.7,limited_opening,simulation
1788256844331,53,71.8,46.4,closed,-0.6009,0.0673,0.6009,0.0038,0.0631,1878.2,1842.7,838,29,31,31.7,0.889,97.7,limited_opening,simulation
1788256845159,54,72.1,47.1,closed,-0.6126,0.0692,0.6126,0.00397,0.0628,1843.3,1837,828,31,29,31.6,0.89,97.8,limited_opening,simulation
1788256845995,55,71.9,50.4,closed,-0.6043,0.0702,0.6043,0.00412,0.0674,1780.4,1836.8,836,32,27,30.3,0.9,98,limited_opening,simulation
1788256846824,56,72.1,46.7,closed,-0.584,0.0639,0.584,0.00338,0.0656,1903.3,1853.6,829,30,30,30.7,0.896,98,limited_opening,simulation
1788256847648,57,72.2,46,closed,-0.6639,0.0739,0.6639,0.0045,0.0613,1906.1,1830,824,32,32,32.9,0.873,97.8,limited_opening,simulation
1788256848466,58,72.6,44.6,closed,-0.5742,0.0661,0.5742,0.00358,0.0588,1831.4,1832.2,818,30,33,34.6,0.849,97.2,limited_opening,simulation
1788256849302,59,72.4,45.1,closed,-0.6016,0.0684,0.6016,0.00391,0.0589,1981.6,1849.4,836,28,30,33.2,0.867,97.3,limited_opening,simulation
1788256850120,60,72.7,46.4,closed,0.6776,0.0757,0.6776,0.00469,0.0623,1858.3,1803.7,818,30,28,32.7,0.877,97.4,limited_opening,simulation
1788256850954,61,72.6,46.1,closed,-0.6695,0.074,0.6695,0.00457,0.0619,1951.4,1838.4,834,29,29,32.5,0.882,98,limited_opening,simulation
1788256851790,62,72.4,47.4,closed,-0.5282,0.0616,0.5282,0.00317,0.0621,1917.2,1846.2,836,31,30,31.6,0.889,98,limited_opening,simulation
1788256852627,63,72.1,49.3,closed,-0.6248,0.0702,0.6248,0.00412,0.0637,1667.4,1846,837,33,28,31,0.898,98.1,limited_opening,simulation
1788256853461,64,72.1,48.2,closed,-0.6147,0.0685,0.6147,0.00392,0.0654,1805.8,1826.2,834,29,29,31.1,0.897,98.1,limited_opening,simulation
1788256854306,65,71.7,47.3,closed,0.6329,0.0703,0.6329,0.00418,0.0642,1793.9,1855.3,845,31,28,31.5,0.893,97.7,limited_opening,simulation
1788256855121,66,72,47.6,closed,0.6153,0.0699,0.6153,0.00398,0.0626,1887.9,1834,815,30,30,32,0.887,97.2,limited_opening,simulation
1788256855960,67,71.9,44.9,closed,0.583,0.068,0.583,0.00388,0.0629,1832.8,1827.9,839,30,29,31.6,0.89,97.1,limited_opening,simulation
1788256856790,68,72.1,44.6,closed,-0.6391,0.0714,0.6391,0.00424,0.0615,1877.5,1833.5,830,29,26,30.5,0.9,97.1,limited_opening,simulation
1788256857629,69,72,47,closed,0.61,0.0694,0.61,0.00404,0.0628,1794.9,1842.9,839,29,30,31.9,0.884,97.1,limited_opening,simulation
1788256858454,70,72.3,46.6,closed,-0.5685,0.064,0.5685,0.00338,0.0622,1848.2,1828.3,825,30,28,31.7,0.885,97.4,limited_opening,simulation
1788256859288,71,72,46.5,closed,0.5675,0.0665,0.5675,0.00368,0.0641,1827.7,1827.3,834,30,27,29.9,0.898,97.4,limited_opening,simulation
1788256860133,72,71.9,44.7,closed,-0.6108,0.0674,0.6108,0.00384,0.0617,1872.5,1831.9,845,32,27,28.9,0.905,97.6,limited_opening,simulation
1788256860956,73,72,46.4,closed,0.6278,0.0698,0.6278,0.00401,0.0636,1831.7,1835.9,823,33,25,28.9,0.909,97.4,limited_opening,simulation
1788256861788,74,72.1,46.2,closed,0.5957,0.0696,0.5957,0.00404,0.0618,1949.6,1848.7,832,32,28,29.9,0.902,97.4,limited_opening,simulation
1788256862641,75,71.7,44.8,closed,0.6169,0.0671,0.6169,0.00384,0.0602,1887.6,1850.1,853,29,29,30.6,0.896,96.6,limited_opening,simulation
1788256863476,76,71.6,47.3,closed,-0.6333,0.0698,0.6333,0.00407,0.0595,1938.8,1830.4,835,32,30,31.4,0.891,96.6,limited_opening,simulation
1788256864317,77,71.7,48,closed,-0.6343,0.0686,0.6343,0.00396,0.0651,1853.7,1844.4,841,31,28,31.5,0.891,96.8,limited_opening,simulation
1788256865161,78,71.3,46.9,closed,0.6469,0.0713,0.6469,0.00429,0.0629,1844.1,1830.8,844,28,28,31.6,0.89,97.5,limited_opening,simulation
1788256866000,79,71.2,47.1,closed,0.5997,0.067,0.5997,0.00376,0.0645,1736.4,1839.1,839,28,30,31.4,0.891,97.5,limited_opening,simulation
1788256866843,80,71.4,45.7,closed,-0.5786,0.0675,0.5786,0.00385,0.0599,1789.9,1828.9,843,32,31,31.4,0.892,97.6,limited_opening,simulation
1788256867674,81,71.5,50.1,closed,0.6731,0.0757,0.6731,0.00477,0.0693,1893.9,1831.9,831,30,30,31.8,0.89,97.5,normal,simulation
1788256868516,82,71.4,85.1,closed,1.0085,0.1214,1.0085,0.0124,0.0311,1049.6,996.4,842,44,34,57.4,0.537,97.8,normal,simulation
1788256869345,83,71.7,85.9,closed,0.8806,0.1033,0.8806,0.00884,0.0275,1049.2,1011.2,829,40,38,72.4,0.335,97.6,normal,simulation
1788256870184,84,71.7,85.5,closed,0.9149,0.1048,0.9149,0.00922,0.0276,1049.9,1016.9,839,43,37,82.8,0.201,97.8,normal,simulation
1788256871020,85,71.8,86.3,closed,0.9064,0.1091,0.9064,0.00996,0.0286,1049.2,1000.7,836,44,32,87,0.144,98.3,normal,simulation
1788256871853,86,71.8,85.9,closed,0.8899,0.1037,0.8899,0.00895,0.0273,1050.1,1002.2,833,43,36,91.9,0.086,98.3,normal,simulation
1788256872683,87,72,86.1,closed,0.9359,0.1112,0.9359,0.01027,0.0292,1049.3,1000.8,830,43,35,94.8,0.052,98.8,normal,simulation
1788256873520,88,71.9,85,closed,0.8866,0.1086,0.8866,0.00987,0.0283,1049.4,1007.3,837,43,34,96.7,0.031,98.8,normal,simulation
1788256874339,89,72.2,86.5,closed,0.9235,0.1113,0.9235,0.01015,0.0287,1049.4,1001.4,819,45,36,97.6,0.019,98.1,normal,simulation
1788256875172,90,72.3,86.3,closed,-0.9104,0.1091,0.9104,0.00992,0.0286,1050.1,1006.3,833,40,36,97.9,0.011,98.3,normal,simulation
1788256875994,91,72.4,85.3,closed,0.9236,0.1088,0.9236,0.00973,0.0286,1051.2,1022.7,822,43,31,94.3,0.053,98,normal,simulation
1788256876825,92,72.4,86.5,closed,0.9624,0.1113,0.9624,0.01029,0.0293,1049.7,994.8,831,45,35,96.2,0.032,98.3,normal,simulation
1788256877645,93,72.7,84.4,closed,0.8741,0.1026,0.8741,0.00863,0.0272,1050.1,1016.7,820,43,35,97.2,0.019,98,normal,simulation
1788256878478,94,72.5,86.4,closed,0.9364,0.1117,0.9364,0.01039,0.0292,1050.1,1004.6,833,40,34,97.8,0.012,98.3,normal,simulation
1788256879303,95,72.6,85.8,closed,0.9508,0.1118,0.9508,0.01032,0.0289,1049.7,1000.2,825,44,34,98.3,0.007,98.2,normal,simulation
1788256880147,96,72.2,86.3,closed,0.9683,0.113,0.9683,0.01077,0.0294,1049.5,1004.8,844,43,33,98.5,0.004,98,normal,simulation
1788256880985,97,72.1,85.7,closed,0.8797,0.1023,0.8797,0.00877,0.0266,1049.3,1012.4,838,46,34,98.7,0.002,97.9,normal,simulation
1788256881808,98,72.1,86,closed,0.8806,0.1029,0.8806,0.00872,0.027,1049.5,1014.6,823,45,34,98.9,0.001,97.8,normal,simulation
1788256882645,99,72,85.7,closed,0.8337,0.1011,0.8337,0.00855,0.0266,1049.4,1012.3,837,44,34,98.9,0.001,97.7,normal,simulation
1788256883483,100,71.8,86.1,closed,0.9538,0.1134,0.9538,0.01077,0.0297,1049.6,1008.2,838,42,37,98.7,0.001,97.6,normal,simulation
1788256884313,101,72,86.3,closed,0.9271,0.1145,0.9271,0.01088,0.0296,1049.4,1007.7,830,42,36,98.8,0,98,normal,simulation
1788256885150,102,72,84.9,closed,0.9199,0.1061,0.9199,0.00941,0.0281,1050.2,1004.1,837,45,32,96.5,0.025,97.9,normal,simulation
1788256885982,103,71.9,84.9,closed,0.9189,0.1102,0.9189,0.0101,0.0289,1049.5,1002.7,832,46,36,97.5,0.015,98.1,normal,simulation
1788256886818,104,71.9,86.1,closed,0.8717,0.1052,0.8717,0.00926,0.0277,1049.6,1012.1,836,43,35,98.1,0.009,98.1,normal,simulation
1788256887653,105,71.9,85.7,closed,0.87,0.1035,0.87,0.00895,0.027,1049,1013.9,835,44,32,96.6,0.023,98.6,normal,simulation
1788256888476,106,72.1,85.7,closed,0.874,0.1022,0.874,0.0086,0.0268,1049.7,1005.7,823,43,34,97.5,0.014,98.3,normal,simulation
1788256889306,107,72.2,85.5,closed,-0.8481,0.1053,0.8481,0.0092,0.028,1049.3,1005.1,830,41,36,97.8,0.008,98.4,normal,simulation
1788256890142,108,72.1,85.8,closed,0.9488,0.1085,0.9488,0.00984,0.0284,1050.1,1008.4,836,40,36,97.9,0.005,98.7,normal,simulation
1788256890973,109,72.2,86.3,closed,0.8329,0.1037,0.8329,0.00893,0.0273,1049.5,1008.3,831,44,34,98.3,0.003,98.8,normal,simulation
1788256891805,110,72.3,86.6,closed,0.9472,0.1092,0.9472,0.00991,0.0283,1049.5,1008.7,832,41,37,98.3,0.002,99.1,normal,simulation
1788256892639,111,72.1,85.8,closed,0.8742,0.1079,0.8742,0.00972,0.0282,1049.9,1011.7,834,43,36,98.6,0.001,99.2,normal,simulation
1788256893476,112,71.9,86.2,closed,0.8594,0.1008,0.8594,0.00851,0.0269,1049.7,1010.2,837,42,32,97.3,0.011,99.2,normal,simulation
1788256894307,113,72,85.7,closed,0.9228,0.1077,0.9228,0.00965,0.0283,1049.2,999.6,831,44,33,96.2,0.026,99.2,normal,simulation
1788256895139,114,72,86.2,closed,0.9881,0.1126,0.9881,0.01056,0.0293,1049.8,1000.6,832,47,36,97.1,0.015,99.3,normal,simulation
1788256895964,115,72.1,85.5,closed,0.9052,0.1056,0.9052,0.00919,0.0275,1049.5,1013.5,825,42,38,96.5,0.019,99.1,normal,simulation
1788256896811,116,71.9,85.2,closed,0.9208,0.1081,0.9208,0.0099,0.0281,1049.7,1009,847,44,34,96.5,0.019,98.5,normal,simulation
1788256897639,117,72.1,85.9,closed,0.8718,0.1046,0.8718,0.00906,0.0276,1049.6,1005.4,828,42,35,97.5,0.012,98.5,normal,simulation
1788256898473,118,72,86.3,closed,0.877,0.1059,0.877,0.00935,0.0279,1049.6,1003.7,834,44,34,98.2,0.007,98.7,normal,simulation
1788256899296,119,72.2,85.6,closed,0.9117,0.1087,0.9117,0.00973,0.0285,1049.2,1006.6,823,41,34,98.4,0.004,98.5,normal,simulation
1788256900136,120,71.9,85.7,closed,0.8868,0.1022,0.8868,0.00878,0.0269,1049.2,1016.4,840,42,33,98.1,0.002,98.4,normal,simulation
1788256900981,121,71.9,85,closed,0.8956,0.1041,0.8956,0.00916,0.0272,1049.3,1014.7,845,43,34,98.4,0.001,98,altered_closing,simulation
1788256901818,122,71.8,85.2,closed,0.491,0.0761,0.491,0.00484,0.027,610.7,778.5,837,43,103,69.2,0.341,98,altered_closing,simulation
1788256902643,123,71.9,83.8,closed,0.6853,0.0937,0.6853,0.00725,0.0284,610.8,758.2,825,41,107,53,0.534,97.8,altered_closing,simulation
1788256903479,124,71.7,84.2,closed,0.5773,0.0972,0.5773,0.0079,0.0283,611.6,764,836,46,110,42.8,0.654,97.8,altered_closing,simulation
1788256904308,125,71.9,84.7,closed,0.5196,0.0946,0.5196,0.00742,0.0276,611.5,777,829,46,106,36.4,0.727,97.8,altered_closing,simulation
1788256905156,126,71.9,84.6,closed,0.4487,0.0769,0.4487,0.00502,0.0247,611.1,792.9,848,41,98,31.5,0.779,97.4,altered_closing,simulation
1788256905973,127,72.2,85.4,closed,0.5288,0.0785,0.5288,0.00504,0.0282,609.7,741.2,817,44,102,29.2,0.808,96.9,altered_closing,simulation
1788256906810,128,72,85.9,closed,0.5212,0.0902,0.5212,0.00682,0.0285,609,753.4,837,43,100,28.2,0.822,97.3,altered_closing,simulation
1788256907637,129,72.2,84.7,closed,0.4974,0.0687,0.4974,0.00391,0.0276,611.4,748.2,827,41,97,26.4,0.837,97.2,altered_closing,simulation
1788256908489,130,71.8,84.7,closed,0.5091,0.0812,0.5091,0.00562,0.0271,609.7,764.2,852,43,107,26,0.842,96.6,altered_closing,simulation
1788256909314,131,72.2,84.8,closed,0.5057,0.0899,0.5057,0.00667,0.0271,611.2,774.8,825,44,104,26.2,0.842,96.7,altered_closing,simulation
1788256910143,132,71.9,85.1,closed,0.4711,0.0764,0.4711,0.00483,0.0264,609.6,762.1,829,44,113,25.4,0.848,96.7,altered_closing,simulation
1788256910976,133,72,84.5,closed,0.5599,0.078,0.5599,0.00507,0.0244,610.8,807.7,833,43,109,25.9,0.844,96.9,altered_closing,simulation
1788256911801,134,72,84.9,closed,0.4885,0.0777,0.4885,0.00498,0.0272,610.9,780.6,825,45,106,25.7,0.847,96.9,altered_closing,simulation
1788256912638,135,72.3,82.8,closed,0.4587,0.0668,0.4587,0.00374,0.0254,611.3,813,837,45,103,25.3,0.852,96.9,altered_closing,simulation
1788256913487,136,71.9,84,closed,0.4808,0.0705,0.4808,0.00422,0.0258,610.6,798.9,849,42,103,25.1,0.853,96.5,altered_closing,simulation
1788256914315,137,71.9,85.6,closed,0.4019,0.063,0.4019,0.00328,0.024,609.9,784.9,828,46,98,23.8,0.862,96.4,altered_closing,simulation
1788256915142,138,72,84,closed,0.6194,0.1165,0.6194,0.01123,0.0328,610.9,716.2,827,44,96,24.9,0.853,96.8,altered_closing,simulation
1788256915993,139,71.6,85.9,closed,0.4558,0.0753,0.4558,0.00482,0.0255,609.6,766.4,851,46,94,24.6,0.856,96.8,altered_closing,simulation
1788256916825,140,71.7,85.2,closed,0.5119,0.0917,0.5119,0.00699,0.0277,609.9,789.9,832,41,107,25.5,0.849,96.8,altered_closing,simulation
1788256917662,141,71.9,84.6,closed,0.4152,0.0766,0.4152,0.00492,0.0233,609.8,804.3,837,42,97,24.7,0.854,96.9,altered_closing,simulation
1788256918480,142,72,83.9,closed,0.4958,0.0773,0.4958,0.00489,0.026,610.4,767.9,818,44,96,24.7,0.853,97,altered_closing,simulation
1788256919301,143,72.1,84.7,closed,0.4869,0.072,0.4869,0.00425,0.0272,609.9,759.2,821,43,115,24.5,0.855,96.8,altered_closing,simulation
1788256920118,144,72.7,84.2,closed,0.5579,0.0994,0.5579,0.00808,0.0286,609.7,752.9,817,42,97,25.5,0.848,96.4,altered_closing,simulation
1788256920954,145,72.7,85.1,closed,0.5356,0.0952,0.5356,0.00758,0.029,609.7,754.2,836,41,102,25.9,0.844,96.4,altered_closing,simulation
1788256921806,146,72.4,85.2,closed,0.4298,0.0692,0.4298,0.00407,0.0247,611.9,812.2,852,45,100,25.3,0.852,95.8,altered_closing,simulation
1788256922644,147,72,82.7,closed,0.4598,0.0702,0.4598,0.00413,0.0258,609.8,777.6,838,45,111,24.8,0.856,95.8,altered_closing,simulation
1788256923455,148,72.2,85.8,closed,0.4377,0.0738,0.4377,0.00442,0.0261,609.6,792.8,811,41,109,24.4,0.857,95.4,altered_closing,simulation
1788256924272,149,72.2,85,closed,0.5168,0.0852,0.5168,0.00592,0.0274,610.2,748.8,817,41,100,24.8,0.854,95.1,altered_closing,simulation
1788256925103,150,72.3,84.7,closed,0.4685,0.0802,0.4685,0.00534,0.0244,610.3,782.9,831,41,99,24.9,0.853,95.1,altered_closing,simulation
1788256925929,151,72.8,84.6,closed,0.5225,0.0779,0.5225,0.00501,0.0282,611.9,762.7,826,42,105,25.1,0.851,96,altered_closing,simulation
1788256926763,152,72.8,85.2,closed,0.4653,0.0693,0.4653,0.00401,0.0259,610.4,799,834,43,104,25.1,0.854,96,altered_closing,simulation
1788256927603,153,72.3,84.6,closed,0.4473,0.0737,0.4473,0.00456,0.0252,608.5,791.9,840,40,98,24.6,0.856,95.8,altered_closing,simulation
1788256928430,154,72.2,84.2,closed,0.471,0.0724,0.471,0.00434,0.0266,610.6,751.8,827,41,100,24.2,0.858,96.1,altered_closing,simulation
1788256929271,155,72,84.9,closed,0.5063,0.0786,0.5063,0.0052,0.0293,610.1,744.9,841,46,94,24.6,0.856,96,altered_closing,simulation
1788256930114,156,71.7,85.1,closed,0.5108,0.0887,0.5108,0.00664,0.0277,612.1,782.3,843,44,103,25.3,0.85,96.2,altered_closing,simulation
1788256930941,157,71.8,84.6,closed,0.501,0.0758,0.501,0.00475,0.0269,610.6,794.1,827,43,107,25.5,0.849,96.2,altered_closing,simulation
1788256931772,158,72,86.3,closed,0.4914,0.0849,0.4914,0.006,0.0275,608.4,785.1,831,41,108,25.7,0.847,97,altered_closing,simulation
1788256932590,159,72.1,85.7,closed,0.5354,0.0813,0.5354,0.00541,0.0286,609.5,743,818,46,100,25.6,0.848,96.9,altered_closing,simulation
1788256933432,160,72.1,85,closed,0.5132,0.082,0.5132,0.00566,0.0295,610.5,766.8,842,43,106,25.6,0.847,97.4,altered_closing,simulation
1788256934259,161,72.4,83.8,closed,0.496,0.0882,0.496,0.00644,0.0272,608.7,769.2,827,41,102,25.7,0.847,97.8,normal,simulation
1788256935101,162,72.1,85.4,closed,0.9759,0.1139,0.9759,0.01092,0.0295,1049.6,1017.4,842,40,37,54.4,0.508,97.6,normal,simulation
1788256935936,163,72,85.9,closed,0.9144,0.1061,0.9144,0.00939,0.0277,1049.6,1013.3,835,43,36,72.3,0.305,97.8,normal,simulation
1788256936763,164,71.9,85.6,closed,0.9126,0.1096,0.9126,0.00994,0.0285,1049.2,1003.8,827,44,32,81.6,0.195,97.7,normal,simulation
1788256937589,165,72.2,86,closed,0.9231,0.1113,0.9231,0.01023,0.0287,1048.8,998.7,826,42,35,88.6,0.117,97.7,normal,simulation
1788256938418,166,72.1,86.1,closed,0.9973,0.1166,0.9973,0.01128,0.0302,1049.6,1000,829,46,37,91.9,0.07,97.7,normal,simulation
1788256939258,167,72.2,86.3,closed,0.9202,0.1061,0.9202,0.00946,0.028,1049.5,1011.4,840,41,35,94.7,0.042,97.7,normal,simulation
1788256940092,168,72.2,85.7,closed,0.831,0.1012,0.831,0.00855,0.0269,1049.2,1014.3,834,43,37,95.7,0.026,98,normal,simulation
1788256940925,169,72.1,84.9,closed,0.8888,0.1051,0.8888,0.00921,0.0276,1050.2,1007.1,833,43,35,97,0.016,98.1,normal,simulation
1788256941763,170,71.9,85.9,closed,0.9622,0.1114,0.9622,0.0104,0.0292,1049.6,1006.1,838,42,34,97.8,0.009,98,normal,simulation
1788256942586,171,72,85.8,closed,0.96,0.1136,0.96,0.01062,0.0296,1049.4,1008.8,823,41,32,97.6,0.006,98.3,normal,simulation
1788256943427,172,72,85.8,closed,0.9356,0.1139,0.9356,0.01091,0.0296,1049.2,1015.5,841,45,38,97.4,0.005,98.4,normal,simulation
1788256944260,173,72,86,closed,0.8498,0.1039,0.8498,0.009,0.0273,1049.1,1011.8,833,42,36,97.8,0.003,98.5,normal,simulation
1788256945090,174,72,85.7,closed,0.9072,0.1043,0.9072,0.00903,0.0274,1049.4,1007.5,830,44,33,97.9,0.002,98.7,normal,simulation
1788256945915,175,72.3,86.1,closed,0.8713,0.1065,0.8713,0.00935,0.0282,1049,1002.3,825,45,32,96.3,0.021,98.6,normal,simulation
1788256946744,176,72.2,85.4,closed,0.8472,0.1025,0.8472,0.00871,0.0271,1049.3,1009.6,829,43,34,97.4,0.013,98.6,normal,simulation
1788256947586,177,72.1,86.3,closed,0.8626,0.1055,0.8626,0.00938,0.0279,1049.4,1007.7,842,47,34,97.2,0.011,98.5,normal,simulation
1788256948426,178,72,85.2,closed,0.8896,0.1089,0.8896,0.00996,0.0283,1049.2,1003.8,840,46,35,98,0.007,98.4,normal,simulation
1788256949245,179,72.2,84.3,closed,0.8817,0.1101,0.8817,0.00993,0.0288,1050,1014.4,819,43,34,98.4,0.004,98,normal,simulation
1788256950074,180,72.1,86.4,closed,0.975,0.1146,0.975,0.01089,0.0292,1049.1,1009.4,829,43,39,95,0.041,98,normal,simulation
1788256950910,181,72,86.6,closed,0.8852,0.1095,0.8852,0.01003,0.0286,1049.7,1010.5,836,42,36,96.6,0.025,98,normal,simulation
1788256951741,182,72.2,85,closed,0.8996,0.1049,0.8996,0.00915,0.0276,1049,1006.3,831,41,35,97.6,0.015,98.1,normal,simulation
1788256952572,183,72.4,86,closed,0.981,0.113,0.981,0.01061,0.0294,1049.2,995.6,831,43,35,98.2,0.009,98.3,normal,simulation
1788256953396,184,72.3,86.2,closed,0.9498,0.115,0.9498,0.01091,0.0295,1049.7,1001.4,824,45,36,98.4,0.005,98.3,normal,simulation
1788256954230,185,72.2,86.1,closed,0.9371,0.1107,0.9371,0.01021,0.0289,1049.7,1002.2,834,42,33,98.3,0.003,98.3,normal,simulation
1788256955072,186,72.1,85.7,closed,0.9242,0.1099,0.9242,0.01016,0.0289,1049.7,1014.3,842,42,37,98.3,0.002,98,normal,simulation
1788256955909,187,72,86.4,closed,0.9774,0.1147,0.9774,0.01101,0.0296,1049.4,1010.2,837,46,37,98,0.001,98.1,normal,simulation
1788256956741,188,72,85.7,closed,0.9532,0.111,0.9532,0.01025,0.0288,1049.3,1004,832,42,35,98.4,0.001,98.2,normal,simulation
1788256957572,189,71.8,85.8,closed,0.8723,0.0997,0.8723,0.00827,0.0264,1048.6,1008.6,831,45,35,98.5,0,98.4,normal,simulation
1788256958409,190,71.8,83.8,closed,0.913,0.1072,0.913,0.00963,0.0279,1049.5,1009.7,837,41,34,98.7,0,98.5,normal,simulation
1788256959240,191,72,84.6,closed,0.9294,0.1098,0.9294,0.01002,0.0285,1049,1001.4,831,42,35,98.9,0,99,normal,simulation
1788256960071,192,72.1,86,closed,0.8634,0.106,0.8634,0.00934,0.0276,1049.3,1006.6,831,43,34,99.1,0,99,normal,simulation
1788256960912,193,71.9,85.1,closed,1.0117,0.1175,1.0117,0.01161,0.0301,1049.7,1015.5,841,39,36,98.3,0,98.9,normal,simulation
1788256961750,194,71.8,85.9,closed,0.9117,0.1114,0.9117,0.0104,0.0289,1049.7,1003.1,838,41,33,97.5,0.009,98.9,normal,simulation
1788256962584,195,71.9,86.3,closed,0.8821,0.1046,0.8821,0.00913,0.0271,1049.5,1008.9,834,44,32,96.8,0.016,98.9,normal,simulation
1788256963416,196,71.8,85.7,closed,1.0253,0.1184,1.0253,0.01165,0.0308,1049.3,1007.7,832,42,39,95,0.029,99.2,normal,simulation
1788256964246,197,71.9,86,closed,0.9129,0.1105,0.9129,0.01013,0.0291,1049.1,1008.1,830,43,37,95.6,0.025,99.1,normal,simulation
1788256965084,198,71.9,87.3,closed,0.8703,0.1053,0.8703,0.0093,0.0274,1049.4,1007.5,838,44,34,96.6,0.015,99.3,normal,simulation
1788256965917,199,72,86.6,closed,0.9709,0.1123,0.9709,0.01051,0.029,1049.4,1000.3,833,41,34,97.6,0.009,99.3,normal,simulation
1788256966756,200,71.9,86,closed,0.8514,0.1014,0.8514,0.00863,0.0269,1049.4,1012.5,839,42,35,97.9,0.005,99.3,normal,simulation
1788256967604,201,71.6,86.3,closed,0.8467,0.1011,0.8467,0.00866,0.0266,1049.6,1013.6,848,42,35,98.1,0.003,98.8,irregular_rhythm,simulation
1788256968274,202,74.5,82.3,closed,0.6699,0.0915,0.6699,0.0056,0.0246,1049.2,1031.1,670,41,35,82.9,0.249,71.1,irregular_rhythm,simulation
1788256969469,203,68.4,82.5,closed,0.5706,0.0597,0.5706,0.00425,0.0182,1049.2,1082.4,1195,41,34,64.9,0.468,28.9,irregular_rhythm,simulation
1788256970325,204,68.1,77.3,closed,0.7689,0.0886,0.7689,0.00672,0.0239,1050.1,1039.9,856,47,35,70.5,0.408,29.1,irregular_rhythm,simulation
1788256971168,205,68,82,closed,1.1845,0.1373,1.1845,0.0159,0.035,1049.3,995.1,843,39,33,72.3,0.383,29.2,irregular_rhythm,simulation
1788256972209,206,65.1,79.3,closed,1.427,0.1547,1.427,0.02492,0.0393,1049.7,1005.4,1041,42,34,59.7,0.537,25.3,irregular_rhythm,simulation
1788256973124,207,61.9,89.5,closed,0.8372,0.0955,0.8372,0.00834,0.0255,1049.4,1033.6,915,42,32,62.5,0.479,25.7,irregular_rhythm,simulation
1788256973590,208,72.8,84.8,closed,0.5399,0.0854,0.5399,0.0034,0.0237,1049,1047.1,466,44,33,52.2,0.58,10.3,irregular_rhythm,simulation
1788256974054,209,80.5,80.9,closed,0.8939,0.1463,0.8939,0.00993,0.0375,1049.8,979.3,464,41,36,44.8,0.642,4.5,irregular_rhythm,simulation
1788256974622,210,86.9,78.7,closed,0.5598,0.0789,0.5598,0.00353,0.0213,1048.6,1041.3,568,45,35,42.2,0.688,3,irregular_rhythm,simulation
1788256975120,211,103.1,82.3,closed,0.9263,0.1381,0.9263,0.0095,0.0355,1049.7,997.4,498,39,32,41.4,0.695,1.7,irregular_rhythm,simulation
1788256975969,212,105.4,85.8,closed,1.128,0.1362,1.128,0.01575,0.0349,1049.4,1008.7,849,45,37,53.9,0.595,1.7,irregular_rhythm,simulation
1788256976911,213,90.3,86.3,closed,0.8968,0.0987,0.8968,0.00917,0.0266,1049,1033.3,942,42,38,60.1,0.548,1.6,irregular_rhythm,simulation
1788256977725,214,81.7,75.1,closed,0.9181,0.1069,0.9181,0.0093,0.0278,1049.9,1010.2,814,43,36,66.3,0.494,1.8,irregular_rhythm,simulation
1788256978282,215,82,82.2,closed,1.2823,0.1817,1.2823,0.01838,0.0459,1049.6,966.5,557,45,35,50.4,0.643,2.7,irregular_rhythm,simulation
1788256979434,216,69.5,81.2,closed,0.7729,0.0804,0.7729,0.00744,0.0223,1049.4,1072.3,1152,41,38,49.6,0.644,1.4,irregular_rhythm,simulation
1788256980233,217,70.4,77,closed,0.9245,0.1135,0.9245,0.0103,0.0295,1050,1023.7,799,43,36,60.1,0.55,1.4,irregular_rhythm,simulation
1788256981119,218,71.3,82.9,closed,0.9093,0.1095,0.9093,0.01063,0.0286,1049.8,1030,886,42,34,64.7,0.496,1.8,irregular_rhythm,simulation
1788256981874,219,72.3,80.9,closed,1.1878,0.1446,1.1878,0.0158,0.0367,1049.5,998.9,755,44,36,63.2,0.507,1.9,irregular_rhythm,simulation
1788256982790,220,66.5,80.1,closed,0.9522,0.1037,0.9522,0.00985,0.0275,1049.8,1010.4,916,44,35,65.1,0.489,3.4,irregular_rhythm,simulation
1788256983425,221,75.2,78.4,closed,0.9195,0.1241,0.9195,0.00978,0.0323,1049.9,1000.5,635,42,35,58.2,0.56,5.6,irregular_rhythm,simulation
1788256984382,222,72.3,73.4,closed,1.077,0.1206,1.077,0.01392,0.031,1049.7,1016.4,957,43,35,56.2,0.571,7.6,irregular_rhythm,simulation
1788256984997,223,77.4,82.3,closed,0.8411,0.1147,0.8411,0.00809,0.0302,1047.9,1022.7,615,47,35,53.3,0.601,11,irregular_rhythm,simulation
1788256985875,224,75,77.4,closed,1.0653,0.1236,1.0653,0.01341,0.0318,1048.8,1016.8,878,43,36,62.1,0.521,11,irregular_rhythm,simulation
1788256986674,225,77.2,80.6,closed,0.5893,0.0734,0.5893,0.0043,0.0209,1049.1,1066.5,799,43,36,64.3,0.494,11.3,irregular_rhythm,simulation
1788256987544,226,72.8,83,closed,0.9506,0.108,0.9506,0.01015,0.0284,1049,1026.1,870,47,35,70.2,0.436,11.4,irregular_rhythm,simulation
1788256988365,227,75.3,73.1,closed,0.9409,0.1133,0.9409,0.01054,0.0297,1049.1,1011.7,821,43,33,72.8,0.407,18.5,irregular_rhythm,simulation
1788256989361,228,68.7,99,closed,1.5376,0.1672,1.5376,0.02783,0.0424,1049.4,982.6,996,40,39,63,0.486,27.9,irregular_rhythm,simulation
1788256990261,229,68.4,83.5,closed,1.0052,0.1124,1.0052,0.01138,0.0293,1049.2,1016.8,900,42,34,68.1,0.42,27.8,irregular_rhythm,simulation
1788256991084,230,68,78.1,closed,0.9378,0.1127,0.9378,0.01046,0.0296,1049.5,996.8,823,42,36,74.1,0.362,28,irregular_rhythm,simulation
1788256992292,231,63.2,90,closed,0.9173,0.091,0.9173,0.01,0.0249,1049.7,1033.1,1208,42,35,63.6,0.482,15.8,irregular_rhythm,simulation
1788256993422,232,59.3,73.7,closed,0.9231,0.092,0.9231,0.00957,0.0248,1049.4,1036.9,1130,43,34,56.3,0.573,12.3,irregular_rhythm,simulation
1788256994214,233,61.8,77.9,closed,0.7147,0.0911,0.7147,0.00657,0.0247,1050.2,1044,792,45,37,63.5,0.498,16.8,irregular_rhythm,simulation
1788256994720,234,67.3,82.9,closed,-0.7543,0.1207,0.7543,0.00737,0.0316,1049.4,1012.2,506,42,34,54.6,0.564,7.8,irregular_rhythm,simulation
1788256995494,235,68,90,closed,1.0401,0.1289,1.0401,0.01285,0.0335,1050.3,1015.7,774,44,37,59.2,0.516,10.6,irregular_rhythm,simulation
1788256996022,236,80.4,89.6,closed,0.8387,0.1257,0.8387,0.00834,0.0327,1049.4,1004.4,528,45,35,52,0.576,5.6,irregular_rhythm,simulation
1788256996766,237,89.7,87.5,closed,-0.6983,0.0935,0.6983,0.00651,0.0254,1049.5,1020.2,744,44,38,54.7,0.551,5.2,irregular_rhythm,simulation
1788256997362,238,95.3,84.8,closed,0.7994,0.1139,0.7994,0.00774,0.0299,1050,1015.2,596,44,33,52.8,0.58,3.6,irregular_rhythm,simulation
1788256998173,239,86.9,76.8,closed,1.1175,0.1322,1.1175,0.01418,0.0341,1049.6,1009.3,811,46,33,60.1,0.53,3.6,irregular_rhythm,simulation
1788256998988,240,85.9,83,closed,0.8467,0.0985,0.8467,0.00791,0.0267,1049.7,1026.9,815,41,35,67.6,0.471,3.9,irregular_rhythm,simulation
1788256999855,241,78.3,80.1,closed,0.8424,0.095,0.8424,0.00783,0.0256,1049.8,1041.7,867,43,35,71.4,0.438,3.9,normal,simulation
1788257000683,242,76.6,86.1,closed,0.8646,0.1039,0.8646,0.00893,0.0274,1049.5,1006.3,828,41,34,74.9,0.416,3.9,normal,simulation
1788257001511,243,72.3,85.2,closed,0.9018,0.107,0.9018,0.00948,0.028,1050,1007.4,828,45,38,76,0.399,8.6,normal,simulation
1788257002343,244,71.9,86.1,closed,0.9122,0.1094,0.9122,0.00995,0.0286,1048.7,1016.7,832,45,30,75.1,0.382,18.6,normal,simulation
1788257003175,245,71.7,85.4,closed,0.8831,0.105,0.8831,0.00918,0.0278,1049,1008.1,832,45,36,78.4,0.357,18.1,normal,simulation
1788257004012,246,72.2,86,closed,0.9248,0.1075,0.9248,0.00968,0.028,1049.7,1005.4,837,43,35,81.5,0.321,30.1,normal,simulation
1788257004841,247,72.2,85.3,closed,0.9068,0.1031,0.9068,0.00881,0.0272,1049.8,1011.3,829,43,35,83.2,0.299,29.8,normal,simulation
1788257005670,248,72.1,86.3,closed,0.967,0.1153,0.967,0.01101,0.0299,1048.9,1007.9,829,42,37,85,0.249,52.9,normal,simulation
1788257006514,249,71.9,84.7,closed,0.8687,0.1008,0.8687,0.00858,0.0266,1049.3,1017,844,43,35,87.4,0.212,54.7,normal,simulation
1788257007345,250,71.9,85.5,closed,0.9066,0.1086,0.9066,0.00981,0.0283,1049.2,1013.5,831,41,37,90.1,0.147,94.9,normal,simulation
1788257008185,251,71.9,86.1,closed,0.9162,0.1077,0.9162,0.00975,0.0281,1049.2,1010.3,840,45,32,90.2,0.127,95.7,normal,simulation
1788257009016,252,71.9,84.8,closed,0.9428,0.1101,0.9428,0.01008,0.0287,1049.8,1007.8,831,44,37,93.6,0.076,96.4,normal,simulation
1788257009844,253,71.9,85.5,closed,0.9357,0.1096,0.9357,0.00995,0.0286,1049.3,997,828,44,35,95.8,0.046,98.8,normal,simulation
1788257010671,254,72.2,85.6,closed,0.9158,0.1092,0.9158,0.00987,0.0285,1049.1,1006.7,827,41,35,97.1,0.027,98.8,normal,simulation
1788257011500,255,72.2,85.8,closed,0.881,0.1063,0.881,0.00937,0.0279,1049.4,1013.3,829,42,38,97.1,0.019,98.8,normal,simulation
1788257012336,256,72.3,86.3,closed,0.8275,0.1016,0.8275,0.00863,0.0264,1049.4,1021.3,836,42,38,96.8,0.015,98.8,normal,simulation
1788257013174,257,72.2,85.6,closed,0.9559,0.1099,0.9559,0.01013,0.0287,1049.2,1008.2,838,42,36,97.7,0.009,98.7,normal,simulation
1788257014006,258,72.1,85.1,closed,0.8479,0.101,0.8479,0.0085,0.0262,1050.1,1010.3,832,44,36,98,0.006,98.7,normal,simulation
1788257014830,259,72.1,85.4,closed,0.9231,0.1102,0.9231,0.01001,0.0287,1049.4,1001.4,824,45,36,98.4,0.003,98.6,normal,simulation
1788257015668,260,72,84.9,closed,0.9329,0.1083,0.9329,0.00983,0.0281,1050,1008.8,838,46,33,98.1,0.002,98.5,normal,simulation
1788257016485,261,72.3,85.1,closed,0.9342,0.1108,0.9342,0.01003,0.029,1049,1017.1,817,42,32,98.1,0.001,98.3,normal,simulation
1788257017317,262,72.4,85.4,closed,0.9815,0.1138,0.9815,0.01078,0.0297,1049.6,1001.2,832,43,35,98.4,0.001,98.3,normal,simulation
1788257018147,263,72.4,85.3,closed,0.8922,0.104,0.8922,0.00898,0.0273,1049.6,999.2,830,45,33,98.2,0,98.5,normal,simulation
1788257018975,264,72.4,85.4,closed,0.9383,0.1109,0.9383,0.01019,0.029,1049.4,1003.5,828,43,38,98.2,0,98.5,normal,simulation
1788257019805,265,72.5,85.5,closed,0.8802,0.1034,0.8802,0.00888,0.0269,1049.8,1008.9,830,46,33,97.8,0.001,98.5,normal,simulation
1788257020638,266,72.2,85.5,closed,0.9063,0.1068,0.9063,0.0095,0.0285,1049.5,1004.5,833,44,34,98.4,0.001,98.6,normal,simulation
1788257021474,267,72.2,85.6,closed,0.8807,0.1043,0.8807,0.0091,0.0275,1049.5,1011.6,836,40,34,98.3,0,98.5,normal,simulation
1788257022311,268,72,87,closed,0.9105,0.1077,0.9105,0.0097,0.0282,1049.9,1006.3,837,44,33,98.8,0,98.5,normal,simulation
1788257023145,269,71.9,85.3,closed,0.9086,0.1069,0.9086,0.00953,0.0281,1049.8,1021.6,834,40,38,95.3,0.04,98.6,normal,simulation
1788257023967,270,72.1,85.8,closed,0.9292,0.1085,0.9292,0.00968,0.0287,1049.5,1005.1,822,42,36,96.8,0.024,98.4,normal,simulation
1788257024810,271,71.9,86,closed,0.8994,0.1064,0.8994,0.00955,0.028,1049.7,1012.9,843,42,35,97.7,0.014,98.1,normal,simulation
1788257025640,272,72,85.6,closed,0.9096,0.1135,0.9096,0.0107,0.0294,1049.6,1003.6,830,42,35,98.2,0.009,98.2,normal,simulation
1788257026476,273,72,85.7,closed,0.8996,0.104,0.8996,0.00904,0.0273,1049.6,1010.2,836,43,35,98.7,0.005,98.8,normal,simulation
1788257027314,274,72,84.9,closed,0.9017,0.1056,0.9017,0.00935,0.0275,1049.8,1008.4,838,45,33,98.7,0.003,98.7,normal,simulation
1788257028149,275,71.7,85.8,closed,0.9642,0.114,0.9642,0.01086,0.0294,1049.5,995.7,835,44,34,98.9,0.002,98.7,normal,simulation
1788257028982,276,71.9,86.4,closed,0.8688,0.1083,0.8688,0.00976,0.0282,1049.4,1012,833,42,31,95.8,0.035,98.8,normal,simulation
1788257029817,277,71.8,86.2,closed,0.9776,0.1131,0.9776,0.01067,0.0292,1049.5,993.3,835,43,34,97.1,0.021,98.9,normal,simulation
1788257030645,278,72,86.3,closed,0.8936,0.1096,0.8936,0.00994,0.0284,1049.3,997.4,828,45,33,98,0.013,98.8,normal,simulation
1788257031484,279,71.9,85.4,closed,0.9378,0.1113,0.9378,0.0104,0.0292,1049.3,1010.8,839,40,36,98.2,0.008,98.7,normal,simulation
1788257032322,280,71.9,86,closed,0.9975,0.1155,0.9975,0.01118,0.03,1049.6,1005.8,838,42,36,98.2,0.005,98.7,normal,simulation
